Designator,Val,Package,Mid X,Mid Y,Rotation,Layer
C14,0.1uF,C_0402_1005Metric,"146,5","-93,7",180,bottom
C21,0.1uF,C_0402_1005Metric,"144,6","-93,7",0,bottom
C1,0.01uF,C_0402_1005Metric,"139,2","-91,2",0,top
C2,0.1uF,C_0402_1005Metric,"139,2","-88,7",0,top
C3,0.1uF,C_0603_1608Metric,"143,2","-87,2",0,top
C4,0.1uF,C_0603_1608Metric,"148,1","-87,2",180,top
C5,4.7uF,C_0603_1608Metric,"151,2","-88,4",0,top
C6,0.1uF,C_0402_1005Metric,"149,671732","-92,680024",90,top
C7,100pF,C_0402_1005Metric,"154,390335","-91,650616",0,top
C8,4700pF,C_0402_1005Metric,"154,390335","-90,650616",0,top
C9,100uF,CP_Elec_6.3x5.8,"154,5","-114,2",270,top
C10,10uF,C_1206_3216Metric,"148,2","-99,3",180,top
C11,10uF,C_1206_3216Metric,"148,2","-101,7",180,top
C12,10uF,C_1206_3216Metric,"148,2","-96,9",180,top
C13,1uF,C_0603_1608Metric,"147,4",-95,180,top
C15,0.1uF,C_0402_1005Metric,"146,5","-93,7",180,top
C16,1uF,C_0603_1608Metric,"176,1","-116,6",270,top
C17,68uF,CP_Elec_8x10,"132,5","-101,2425",270,top
C18,10uF,C_1206_3216Metric,"142,9","-99,2",0,top
C19,10uF,C_1206_3216Metric,"142,9","-96,9",0,top
C20,1uF,C_0603_1608Metric,"143,7",-95,0,top
C22,0.1uF,C_0402_1005Metric,"144,6","-93,7",0,top
C23,0.01uF,C_0402_1005Metric,"133,2","-110,8",0,top
C24,0.1uF,C_0402_1005Metric,"139,2","-89,7",0,top
C25,0.01uF,C_0402_1005Metric,"143,6","-110,6",0,top
C26,22uF,C_1206_3216Metric,"176,4","-94,725",270,top
C27,22uF,C_1206_3216Metric,174,"-94,725",270,top
C28,0.1uF,C_0402_1005Metric,"119,1",-118,0,top
C29,22uF,C_1206_3216Metric,133,"-92,85",90,top
C30,22uF,C_1206_3216Metric,"135,4","-92,825",90,top
C31,0.01uF,C_0402_1005Metric,"135,7","-118,3",0,top
C32,2.2uF,C_1206_3216Metric,"124,2","-84,3",0,top
C33,68uF,CP_Elec_8x10,"122,7","-101,2",270,top
C34,0.1uF,C_0402_1005Metric,"128,3","-92,1",180,top
C35,1uF,C_0603_1608Metric,"123,4","-86,4",0,top
J1,Battery,TerminalBlock_MetzConnect_Type094_RT03502HBLU_1x02_P5.00mm_Horizontal,"112,3","-97,8",270,top
J2,Conn_01x02,PinHeader_1x02_P2.54mm_Vertical,"135,3","-113,6",270,top
J3,Conn_01x03,PinHeader_1x03_P2.54mm_Vertical,"122,04","-113,4",270,top
J4,12Vout,TerminalBlock_MetzConnect_Type094_RT03502HBLU_1x02_P5.00mm_Horizontal,"184,3775","-113,4",270,top
J5,5Vout,TerminalBlock_MetzConnect_Type094_RT03502HBLU_1x02_P5.00mm_Horizontal,"184,3775","-92,5",270,top
J7,Conn_01x03,PinHeader_1x03_P2.54mm_Vertical,"146,965","-121,3",270,top
J8,Conn_01x02,PinHeader_1x02_P2.54mm_Vertical,"145,7","-113,6",270,top
J9,Conn_01x03,PinHeader_1x03_P2.54mm_Vertical,"122,04","-121,3",270,top
J10,Conn_01x02,PinHeader_1x02_P2.54mm_Vertical,"135,3","-121,3",270,top
L1,4.7uH,L_Coilcraft_XAL7070-XXX,"145,6","-82,1",180,top
R1,"49,9",R_0402_1005Metric,"172,1","-107,69",180,top
R2,102k,R_0402_1005Metric,"151,990335","-92,050616",90,top
R3,11.3k,R_0402_1005Metric,"154,390335","-92,650616",180,top
R4,49.9k,R_0402_1005Metric,"139,2","-92,2",180,top
R5,150k,R_0402_1005Metric,"152,490335","-89,650616",0,top
R6,10,R_0402_1005Metric,"154,4","-93,7",180,top
R7,15k,R_0402_1005Metric,"152,490335","-90,650616",180,top
R8,10,R_0402_1005Metric,"154,4","-94,7",180,top
R9,10m,R_1206_3216Metric,"170,8",-113,180,top
R10,147k,R_0402_1005Metric,"122,34","-108,9",180,top
R11,115k,R_0402_1005Metric,"117,44","-108,9",180,top
R12,102k,R_0402_1005Metric,"135,8","-110,8",0,top
R13,4.99k,R_0402_1005Metric,"144,9","-118,6",180,top
R14,4.99k,R_0402_1005Metric,"142,39","-118,6",180,top
R15,102k,R_0402_1005Metric,"146,2","-110,6",0,top
R16,0,R_0402_1005Metric,"131,5","-88,2",180,top
R17,49.9k,R_0402_1005Metric,"122,59","-117,9",180,top
R18,12.7k,R_0402_1005Metric,"122,605","-118,9",0,top
R21,49.9k,R_0402_1005Metric,"133,4","-118,3",0,top
R22,"2,7",R_0402_1005Metric,"122,1","-87,8",0,top
TP1,TestPoint,TestPoint_Keystone_5019_Miniature,"139,3","-82,1",90,top
TP2,TestPoint,TestPoint_Keystone_5019_Miniature,175,"-122,5",0,top
TP3,TestPoint,TestPoint_Keystone_5019_Miniature,"166,6","-122,5",0,top
TP4,TestPoint,TestPoint_Keystone_5019_Miniature,"151,8","-81,9",90,top
TP7,TestPoint,TestPoint_Keystone_5019_Miniature,"112,2","-92,2",0,top
TP8,TestPoint,TestPoint_Keystone_5019_Miniature,"112,4","-108,4",0,top
TP9,TestPoint,TestPoint_Keystone_5019_Miniature,"184,5325","-86,1",0,top
TP11,TestPoint,TestPoint_Keystone_5019_Miniature,"158,3","-122,5",0,top
U1,TPS551892QWRYQRQ1,VQFN21_RYQ_TEX,"145,55","-90,448764",0,top
U2,FS1403-5000-AL,FS1403_TDK,"127,8","-89,625",180,top
